"No.","Time","Source","Destination","Protocol","Length","Info"
"19","0.027743","2001:6a8:3081:6f14:5466:8764:98d4:f811","2a00:1450:4025:402::54","TLSv1.3","603","Client Hello (SNI=accounts.google.com)"
"22","0.036680","2a00:1450:4025:402::54","2001:6a8:3081:6f14:5466:8764:98d4:f811","TLSv1.3","3710","Server Hello, Change Cipher Spec"
"23","0.036680","2a00:1450:4025:402::54","2001:6a8:3081:6f14:5466:8764:98d4:f811","TLSv1.3","951","Encrypted Extensions, Certificate, Certificate Verify, Finished"
"37","0.051137","2001:6a8:3081:6f14:5466:8764:98d4:f811","2a00:1450:4025:402::54","TLSv1.3","160","Change Cipher Spec, Encrypted Extensions, Finished"
"55","0.063047","2001:6a8:3081:6f14:5466:8764:98d4:f811","2a00:1450:4002:414::200e","TLSv1.3","654","Client Hello (SNI=drive.google.com)"
"67","0.099658","2a00:1450:4002:414::200e","2001:6a8:3081:6f14:5466:8764:98d4:f811","TLSv1.3","2502","Server Hello, Change Cipher Spec"
"69","0.099659","2a00:1450:4002:414::200e","2001:6a8:3081:6f14:5466:8764:98d4:f811","TLSv1.3","2223","Encrypted Extensions, Certificate, Certificate Verify, Finished"
"73","0.100221","2001:6a8:3081:6f14:5466:8764:98d4:f811","2a00:1450:4002:414::200e","TLSv1.3","160","Change Cipher Spec, Encrypted Extensions, Finished"
"270","0.498501","2001:6a8:3081:6f14:5466:8764:98d4:f811","2a00:1450:400e:802::2003","TLSv1.3","653","Client Hello (SNI=www.gstatic.com)"
"287","0.507623","2a00:1450:400e:802::2003","2001:6a8:3081:6f14:5466:8764:98d4:f811","TLSv1.3","2502","Server Hello, Change Cipher Spec"
"299","0.508747","2a00:1450:400e:802::2003","2001:6a8:3081:6f14:5466:8764:98d4:f811","TLSv1.3","2153","Encrypted Extensions, Certificate, Certificate Verify, Finished"
"306","0.509123","2001:6a8:3081:6f14:5466:8764:98d4:f811","2a00:1450:400e:802::2003","TLSv1.3","160","Change Cipher Spec, Encrypted Extensions, Finished"
"685","0.719652","2001:6a8:3081:6f14:5466:8764:98d4:f811","2a00:1450:4002:414::200a","TLSv1.3","669","Client Hello (SNI=content-autofill.googleapis.com)"
"700","0.756413","2a00:1450:4002:414::200a","2001:6a8:3081:6f14:5466:8764:98d4:f811","TLSv1.3","2502","Server Hello, Change Cipher Spec"
"702","0.756414","2a00:1450:4002:414::200a","2001:6a8:3081:6f14:5466:8764:98d4:f811","TLSv1.3","115","Encrypted Extensions, Certificate, Certificate Verify, Finished"
"706","0.756993","2001:6a8:3081:6f14:5466:8764:98d4:f811","2a00:1450:4002:414::200a","TLSv1.3","160","Change Cipher Spec, Encrypted Extensions, Finished"
"860","9.753017","2001:6a8:3081:6f14:5466:8764:98d4:f811","2a00:1450:400e:80f::200a","TLSv1.3","609","Client Hello (SNI=optimizationguide-pa.googleapis.com)"
"862","9.761853","2a00:1450:400e:80f::200a","2001:6a8:3081:6f14:5466:8764:98d4:f811","TLSv1.3","2502","Server Hello, Change Cipher Spec"
"865","9.762359","2a00:1450:400e:80f::200a","2001:6a8:3081:6f14:5466:8764:98d4:f811","TLSv1.3","1326","Encrypted Extensions, Certificate, Certificate Verify, Finished"
"868","9.769391","2001:6a8:3081:6f14:5466:8764:98d4:f811","2a00:1450:400e:80f::200a","TLSv1.3","160","Change Cipher Spec, Encrypted Extensions, Finished"
"889","10.815460","2001:6a8:3081:6f14:5466:8764:98d4:f811","2a00:1450:400e:810::200e","TLSv1.3","621","Client Hello (SNI=play.google.com)"
"891","10.825648","2a00:1450:400e:810::200e","2001:6a8:3081:6f14:5466:8764:98d4:f811","TLSv1.3","3710","Server Hello, Change Cipher Spec"
"892","10.825648","2a00:1450:400e:810::200e","2001:6a8:3081:6f14:5466:8764:98d4:f811","TLSv1.3","3266","Encrypted Extensions, Certificate, Certificate Verify, Finished"
"895","10.833444","2001:6a8:3081:6f14:5466:8764:98d4:f811","2a00:1450:400e:810::200e","TLSv1.3","150","Change Cipher Spec, Finished"
"923","10.874219","2001:6a8:3081:6f14:5466:8764:98d4:f811","2a00:1450:400e:810::200e","TLSv1.3","603","Client Hello (SNI=play.google.com)"
"929","10.884657","2a00:1450:400e:810::200e","2001:6a8:3081:6f14:5466:8764:98d4:f811","TLSv1.3","3710","Server Hello, Change Cipher Spec"
"930","10.884657","2a00:1450:400e:810::200e","2001:6a8:3081:6f14:5466:8764:98d4:f811","TLSv1.3","3267","Encrypted Extensions, Certificate, Certificate Verify, Finished"
"933","10.886317","2001:6a8:3081:6f14:5466:8764:98d4:f811","2a00:1450:400e:810::200e","TLSv1.3","150","Change Cipher Spec, Finished"
"1232","32.926814","2001:6a8:3081:6f14:5466:8764:98d4:f811","2a00:1450:400e:80d::200e","TLSv1.3","603","Client Hello (SNI=accounts.youtube.com)"
"1235","32.940288","2a00:1450:400e:80d::200e","2001:6a8:3081:6f14:5466:8764:98d4:f811","TLSv1.3","3710","Server Hello, Change Cipher Spec"
"1236","32.940289","2a00:1450:400e:80d::200e","2001:6a8:3081:6f14:5466:8764:98d4:f811","TLSv1.3","3435","Encrypted Extensions, Certificate, Certificate Verify, Finished"
"1240","32.949910","2001:6a8:3081:6f14:5466:8764:98d4:f811","2a00:1450:400e:80d::200e","TLSv1.3","160","Change Cipher Spec, Encrypted Extensions, Finished"
"1248","32.989658","2a00:1450:400e:80d::200e","2001:6a8:3081:6f14:5466:8764:98d4:f811","TLSv1.3","1294","[TLS segment of a reassembled PDU]"
"1249","32.989658","2a00:1450:400e:80d::200e","2001:6a8:3081:6f14:5466:8764:98d4:f811","TLSv1.3","1294","[TLS segment of a reassembled PDU]"
"1267","33.012819","2001:6a8:3081:6f14:5466:8764:98d4:f811","2a00:1450:400c:c06::5e","TLSv1.3","688","Client Hello (SNI=accounts.google.be)"
"1269","33.019144","2a00:1450:400c:c06::5e","2001:6a8:3081:6f14:5466:8764:98d4:f811","TLSv1.3","4548","Server Hello, Change Cipher Spec, Encrypted Extensions, Certificate, Certificate Verify, Finished"
"1271","33.024810","2001:6a8:3081:6f14:5466:8764:98d4:f811","2a00:1450:400c:c06::5e","TLSv1.3","160","Change Cipher Spec, Encrypted Extensions, Finished"
"1280","33.080442","2a00:1450:400c:c06::5e","2001:6a8:3081:6f14:5466:8764:98d4:f811","TLSv1.3","1294","[TLS segment of a reassembled PDU]"
"1282","33.082456","2a00:1450:400c:c06::5e","2001:6a8:3081:6f14:5466:8764:98d4:f811","TLSv1.3","1294","[TLS segment of a reassembled PDU]"
"1423","33.989584","2001:6a8:3081:6f14:5466:8764:98d4:f811","2a00:1450:400e:80e::200a","TLSv1.3","658","Client Hello (SNI=fonts.googleapis.com)"
"1424","33.989839","2001:6a8:3081:6f14:5466:8764:98d4:f811","2a00:1450:400e:80e::200e","TLSv1.3","653","Client Hello (SNI=apis.google.com)"
"1425","33.990037","2001:6a8:3081:6f14:5466:8764:98d4:f811","2a00:1450:400e:80f::200e","TLSv1.3","603","Client Hello (SNI=lh3.google.com)"
"1426","33.990274","2001:6a8:3081:6f14:5466:8764:98d4:f811","2a00:1450:400e:801::2003","TLSv1.3","685","Client Hello (SNI=ssl.gstatic.com)"
"1433","33.998910","2a00:1450:400e:80f::200e","2001:6a8:3081:6f14:5466:8764:98d4:f811","TLSv1.3","2502","Server Hello, Change Cipher Spec"
"1435","34.000518","2a00:1450:400e:80e::200e","2001:6a8:3081:6f14:5466:8764:98d4:f811","TLSv1.3","3710","Server Hello, Change Cipher Spec"
"1436","34.000518","2a00:1450:400e:80e::200e","2001:6a8:3081:6f14:5466:8764:98d4:f811","TLSv1.3","938","Encrypted Extensions, Certificate, Certificate Verify, Finished"
"1438","34.000526","2a00:1450:400e:80f::200e","2001:6a8:3081:6f14:5466:8764:98d4:f811","TLSv1.3","3428","Encrypted Extensions, Certificate, Certificate Verify, Finished"
"1439","34.000526","2a00:1450:400e:801::2003","2001:6a8:3081:6f14:5466:8764:98d4:f811","TLSv1.3","3710","Server Hello, Change Cipher Spec"
"1440","34.000526","2a00:1450:400e:801::2003","2001:6a8:3081:6f14:5466:8764:98d4:f811","TLSv1.3","946","Encrypted Extensions, Certificate, Certificate Verify, Finished"
"1450","34.002332","2a00:1450:400e:80e::200a","2001:6a8:3081:6f14:5466:8764:98d4:f811","TLSv1.3","3710","Server Hello, Change Cipher Spec"
"1451","34.002332","2a00:1450:400e:80e::200a","2001:6a8:3081:6f14:5466:8764:98d4:f811","TLSv1.3","1311","Encrypted Extensions, Certificate, Certificate Verify, Finished"
"1482","34.004978","2001:6a8:3081:6f14:5466:8764:98d4:f811","2a00:1450:400e:801::2003","TLSv1.3","160","Change Cipher Spec, Encrypted Extensions, Finished"
"1485","34.005657","2001:6a8:3081:6f14:5466:8764:98d4:f811","2a00:1450:400e:80f::200e","TLSv1.3","160","Change Cipher Spec, Encrypted Extensions, Finished"
"1486","34.005961","2001:6a8:3081:6f14:5466:8764:98d4:f811","2a00:1450:400e:80e::200a","TLSv1.3","160","Change Cipher Spec, Encrypted Extensions, Finished"
"1487","34.006226","2001:6a8:3081:6f14:5466:8764:98d4:f811","2a00:1450:400e:80e::200e","TLSv1.3","160","Change Cipher Spec, Encrypted Extensions, Finished"
"1583","34.025054","2a00:1450:400e:80e::200e","2001:6a8:3081:6f14:5466:8764:98d4:f811","TLSv1.3","1294","[TLS segment of a reassembled PDU]"
"1584","34.025054","2a00:1450:400e:80e::200e","2001:6a8:3081:6f14:5466:8764:98d4:f811","TLSv1.3","1294","[TLS segment of a reassembled PDU]"
"1585","34.025054","2a00:1450:400e:80e::200e","2001:6a8:3081:6f14:5466:8764:98d4:f811","TLSv1.3","2502","[TLS segment of a reassembled PDU]"
"1598","34.027509","2a00:1450:400e:80f::200e","2001:6a8:3081:6f14:5466:8764:98d4:f811","TLSv1.3","1294","[TLS segment of a reassembled PDU]"
"1600","34.027510","2a00:1450:400e:80f::200e","2001:6a8:3081:6f14:5466:8764:98d4:f811","TLSv1.3","1294","[TLS segment of a reassembled PDU]"
"1728","34.054042","2001:6a8:3081:6f14:5466:8764:98d4:f811","2a00:1450:400e:810::2001","TLSv1.3","663","Client Hello (SNI=lh3.googleusercontent.com)"
"1851","34.070545","2a00:1450:400e:810::2001","2001:6a8:3081:6f14:5466:8764:98d4:f811","TLSv1.3","2502","Server Hello, Change Cipher Spec"
"1855","34.071960","2a00:1450:400e:810::2001","2001:6a8:3081:6f14:5466:8764:98d4:f811","TLSv1.3","2126","Encrypted Extensions, Certificate, Certificate Verify, Finished"
"1878","34.075262","2001:6a8:3081:6f14:5466:8764:98d4:f811","2a00:1450:400e:810::2001","TLSv1.3","160","Change Cipher Spec, Encrypted Extensions, Finished"
"2267","34.118434","2a00:1450:400e:810::2001","2001:6a8:3081:6f14:5466:8764:98d4:f811","TLSv1.3","125","[TCP Previous segment not captured] , Application Data"
"2621","34.209283","2a00:1450:400e:801::2003","2001:6a8:3081:6f14:5466:8764:98d4:f811","TLSv1.3","1294","[TLS segment of a reassembled PDU]"
"2670","34.243175","2a00:1450:400e:80e::200e","2001:6a8:3081:6f14:5466:8764:98d4:f811","TLSv1.3","1294","[TLS segment of a reassembled PDU]"
"2671","34.243175","2a00:1450:400e:80e::200e","2001:6a8:3081:6f14:5466:8764:98d4:f811","TLSv1.3","1294","[TLS segment of a reassembled PDU]"
"2673","34.245139","2a00:1450:400e:80e::200e","2001:6a8:3081:6f14:5466:8764:98d4:f811","TLSv1.3","1294","[TLS segment of a reassembled PDU]"
"2674","34.245140","2a00:1450:400e:80e::200e","2001:6a8:3081:6f14:5466:8764:98d4:f811","TLSv1.3","3710","[TLS segment of a reassembled PDU]"
"2675","34.245140","2a00:1450:400e:80e::200e","2001:6a8:3081:6f14:5466:8764:98d4:f811","TLSv1.3","6126","[TLS segment of a reassembled PDU]"
"2678","34.248506","2a00:1450:400e:80e::200e","2001:6a8:3081:6f14:5466:8764:98d4:f811","TLSv1.3","6126","[TLS segment of a reassembled PDU]"
"2679","34.248529","2a00:1450:400e:80e::200e","2001:6a8:3081:6f14:5466:8764:98d4:f811","TLSv1.3","6126","[TLS segment of a reassembled PDU]"
"2684","34.251813","2a00:1450:400e:80e::200e","2001:6a8:3081:6f14:5466:8764:98d4:f811","TLSv1.3","6126","[TLS segment of a reassembled PDU][TLS segment of a reassembled PDU]"
"2688","34.252517","2a00:1450:400e:80e::200e","2001:6a8:3081:6f14:5466:8764:98d4:f811","TLSv1.3","6126","[TLS segment of a reassembled PDU][TLS segment of a reassembled PDU]"
"2694","34.254352","2a00:1450:400e:80e::200e","2001:6a8:3081:6f14:5466:8764:98d4:f811","TLSv1.3","6126","[TLS segment of a reassembled PDU][TLS segment of a reassembled PDU]"
"2697","34.256020","2a00:1450:400e:80e::200e","2001:6a8:3081:6f14:5466:8764:98d4:f811","TLSv1.3","7334","[TLS segment of a reassembled PDU][TLS segment of a reassembled PDU]"
"2701","34.260719","2a00:1450:400e:80e::200e","2001:6a8:3081:6f14:5466:8764:98d4:f811","TLSv1.3","7334","[TLS segment of a reassembled PDU][TLS segment of a reassembled PDU]"
"2708","34.262955","2a00:1450:400e:80e::200e","2001:6a8:3081:6f14:5466:8764:98d4:f811","TLSv1.3","10958","[TLS segment of a reassembled PDU][TLS segment of a reassembled PDU]"
"3081","34.398137","2001:6a8:3081:6f14:5466:8764:98d4:f811","2a00:1450:400e:800::200e","TLSv1.3","689","Client Hello (SNI=clients6.google.com)"
"3085","34.407981","2a00:1450:400e:800::200e","2001:6a8:3081:6f14:5466:8764:98d4:f811","TLSv1.3","4918","Server Hello, Change Cipher Spec"
"3086","34.407981","2a00:1450:400e:800::200e","2001:6a8:3081:6f14:5466:8764:98d4:f811","TLSv1.3","2225","Encrypted Extensions, Certificate, Certificate Verify, Finished"
"3089","34.410188","2001:6a8:3081:6f14:5466:8764:98d4:f811","2a00:1450:400e:800::200e","TLSv1.3","160","Change Cipher Spec, Encrypted Extensions, Finished"
"3228","34.545198","2001:6a8:3081:6f14:5466:8764:98d4:f811","2a00:1450:4002:809::200a","TLSv1.3","674","Client Hello (SNI=drivefrontend-pa.clients6.google.com)"
"3241","34.582251","2a00:1450:4002:809::200a","2001:6a8:3081:6f14:5466:8764:98d4:f811","TLSv1.3","2502","Server Hello, Change Cipher Spec"
"3246","34.583296","2a00:1450:4002:809::200a","2001:6a8:3081:6f14:5466:8764:98d4:f811","TLSv1.3","427","Encrypted Extensions, Certificate, Certificate Verify, Finished"
"3252","34.586268","2001:6a8:3081:6f14:5466:8764:98d4:f811","2a00:1450:4002:809::200a","TLSv1.3","160","Change Cipher Spec, Encrypted Extensions, Finished"
"3602","34.754292","2001:6a8:3081:6f14:5466:8764:98d4:f811","2a00:1450:400e:810::200a","TLSv1.3","667","Client Hello (SNI=people-pa.clients6.google.com)"
"3606","34.756806","2001:6a8:3081:6f14:5466:8764:98d4:f811","2a00:1450:400e:80f::2001","TLSv1.3","639","Client Hello (SNI=drive.fife.usercontent.google.com)"
"3687","34.768518","2001:6a8:3081:6f14:5466:8764:98d4:f811","2a00:1450:4002:809::200a","TLSv1.3","610","Client Hello (SNI=drivefrontend-pa.clients6.google.com)"
"3731","34.774043","2a00:1450:400e:810::200a","2001:6a8:3081:6f14:5466:8764:98d4:f811","TLSv1.3","4918","Server Hello, Change Cipher Spec"
"3759","34.774223","2a00:1450:400e:810::200a","2001:6a8:3081:6f14:5466:8764:98d4:f811","TLSv1.3","420","Encrypted Extensions, Certificate, Certificate Verify, Finished"
"3805","34.779784","2a00:1450:400e:80f::2001","2001:6a8:3081:6f14:5466:8764:98d4:f811","TLSv1.3","4785","Server Hello, Change Cipher Spec, Encrypted Extensions, Certificate, Certificate Verify, Finished"
"3815","34.781609","2001:6a8:3081:6f14:5466:8764:98d4:f811","2a00:1450:400e:810::200a","TLSv1.3","160","Change Cipher Spec, Encrypted Extensions, Finished"
"3820","34.782611","2001:6a8:3081:6f14:5466:8764:98d4:f811","2a00:1450:400e:80f::2001","TLSv1.3","160","Change Cipher Spec, Encrypted Extensions, Finished"
"3971","34.814357","2a00:1450:4002:809::200a","2001:6a8:3081:6f14:5466:8764:98d4:f811","TLSv1.3","2502","Server Hello, Change Cipher Spec"
"3976","34.815557","2a00:1450:4002:809::200a","2001:6a8:3081:6f14:5466:8764:98d4:f811","TLSv1.3","427","Encrypted Extensions, Certificate, Certificate Verify, Finished"
"3981","34.815905","2001:6a8:3081:6f14:5466:8764:98d4:f811","2a00:1450:4002:809::200a","TLSv1.3","160","Change Cipher Spec, Encrypted Extensions, Finished"
"4012","34.843458","2001:6a8:3081:6f14:5466:8764:98d4:f811","2a00:1450:400e:800::200a","TLSv1.3","605","Client Hello (SNI=waa-pa.clients6.google.com)"
"4020","34.850023","2001:6a8:3081:6f14:5466:8764:98d4:f811","2a00:1450:4002:410::200a","TLSv1.3","607","Client Hello (SNI=ogads-pa.clients6.google.com)"
"4022","34.852877","2a00:1450:400e:800::200a","2001:6a8:3081:6f14:5466:8764:98d4:f811","TLSv1.3","2502","Server Hello, Change Cipher Spec"
"4026","34.853754","2a00:1450:400e:800::200a","2001:6a8:3081:6f14:5466:8764:98d4:f811","TLSv1.3","418","Encrypted Extensions, Certificate, Certificate Verify, Finished"
"4030","34.856787","2001:6a8:3081:6f14:5466:8764:98d4:f811","2a00:1450:400e:800::200a","TLSv1.3","160","Change Cipher Spec, Encrypted Extensions, Finished"
"4060","34.885990","2a00:1450:4002:410::200a","2001:6a8:3081:6f14:5466:8764:98d4:f811","TLSv1.3","2502","Server Hello, Change Cipher Spec"
"4065","34.886867","2a00:1450:4002:410::200a","2001:6a8:3081:6f14:5466:8764:98d4:f811","TLSv1.3","419","Encrypted Extensions, Certificate, Certificate Verify, Finished"
"4075","34.889228","2001:6a8:3081:6f14:5466:8764:98d4:f811","2a00:1450:4002:410::200a","TLSv1.3","160","Change Cipher Spec, Encrypted Extensions, Finished"
"4080","34.890820","2001:6a8:3081:6f14:5466:8764:98d4:f811","2a00:1450:400e:800::200a","TLSv1.3","696","Client Hello (SNI=waa-pa.clients6.google.com)"
"4143","34.924111","2a00:1450:400e:800::200a","2001:6a8:3081:6f14:5466:8764:98d4:f811","TLSv1.3","4918","Server Hello, Change Cipher Spec"
"4147","34.924137","2a00:1450:400e:800::200a","2001:6a8:3081:6f14:5466:8764:98d4:f811","TLSv1.3","417","Encrypted Extensions, Certificate, Certificate Verify, Finished"
"4150","34.924624","2001:6a8:3081:6f14:5466:8764:98d4:f811","2a00:1450:400e:800::200a","TLSv1.3","160","Change Cipher Spec, Encrypted Extensions, Finished"
"4256","34.989920","2001:6a8:3081:6f14:5466:8764:98d4:f811","2a00:1450:4002:410::200a","TLSv1.3","607","Client Hello (SNI=ogads-pa.clients6.google.com)"
"4309","35.018763","2a00:1450:400e:80f::2001","2001:6a8:3081:6f14:5466:8764:98d4:f811","TLSv1.3","1294","[TLS segment of a reassembled PDU]"
"4322","35.026241","2a00:1450:4002:410::200a","2001:6a8:3081:6f14:5466:8764:98d4:f811","TLSv1.3","2502","Server Hello, Change Cipher Spec"
"4328","35.027689","2a00:1450:4002:410::200a","2001:6a8:3081:6f14:5466:8764:98d4:f811","TLSv1.3","419","Encrypted Extensions, Certificate, Certificate Verify, Finished"
"4332","35.028115","2001:6a8:3081:6f14:5466:8764:98d4:f811","2a00:1450:4002:410::200a","TLSv1.3","160","Change Cipher Spec, Encrypted Extensions, Finished"
"4368","35.054342","2001:6a8:3081:6f14:5466:8764:98d4:f811","2a00:1450:400e:80e::2004","TLSv1.3","684","Client Hello (SNI=www.google.com)"
"4406","35.063464","2a00:1450:400e:80e::2004","2001:6a8:3081:6f14:5466:8764:98d4:f811","TLSv1.3","2502","Server Hello, Change Cipher Spec"
"4409","35.063948","2a00:1450:400e:80e::2004","2001:6a8:3081:6f14:5466:8764:98d4:f811","TLSv1.3","911","Encrypted Extensions, Certificate, Certificate Verify, Finished"
"4413","35.066369","2001:6a8:3081:6f14:5466:8764:98d4:f811","2a00:1450:400e:80e::2004","TLSv1.3","160","Change Cipher Spec, Encrypted Extensions, Finished"
"4509","35.228007","2001:6a8:3081:6f14:5466:8764:98d4:f811","2a00:1450:400e:805::200a","TLSv1.3","667","Client Hello (SNI=addons-pa.clients6.google.com)"
"4512","35.238956","2a00:1450:400e:805::200a","2001:6a8:3081:6f14:5466:8764:98d4:f811","TLSv1.3","3710","Server Hello, Change Cipher Spec"
"4514","35.238957","2a00:1450:400e:805::200a","2001:6a8:3081:6f14:5466:8764:98d4:f811","TLSv1.3","2836","Encrypted Extensions, Certificate, Certificate Verify, Finished"
"4518","35.241981","2001:6a8:3081:6f14:5466:8764:98d4:f811","2a00:1450:400e:805::200a","TLSv1.3","160","Change Cipher Spec, Encrypted Extensions, Finished"
"4696","35.769960","2001:6a8:3081:6f14:5466:8764:98d4:f811","2a00:1450:4002:411::200a","TLSv1.3","704","Client Hello (SNI=peoplestack-pa.clients6.google.com)"
"4708","35.805949","2a00:1450:4002:411::200a","2001:6a8:3081:6f14:5466:8764:98d4:f811","TLSv1.3","2502","Server Hello, Change Cipher Spec"
"4713","35.807118","2a00:1450:4002:411::200a","2001:6a8:3081:6f14:5466:8764:98d4:f811","TLSv1.3","424","Encrypted Extensions, Certificate, Certificate Verify, Finished"
"4718","35.808962","2001:6a8:3081:6f14:5466:8764:98d4:f811","2a00:1450:4002:411::200a","TLSv1.3","160","Change Cipher Spec, Encrypted Extensions, Finished"
"4891","35.982672","2001:6a8:3081:6f14:5466:8764:98d4:f811","2a00:1450:4002:411::200a","TLSv1.3","640","Client Hello (SNI=peoplestack-pa.clients6.google.com)"
"5126","36.032267","2a00:1450:4002:411::200a","2001:6a8:3081:6f14:5466:8764:98d4:f811","TLSv1.3","2502","Server Hello, Change Cipher Spec"
"5133","36.032378","2a00:1450:4002:411::200a","2001:6a8:3081:6f14:5466:8764:98d4:f811","TLSv1.3","425","Encrypted Extensions, Certificate, Certificate Verify, Finished"
"5147","36.035967","2001:6a8:3081:6f14:5466:8764:98d4:f811","2a00:1450:4002:411::200a","TLSv1.3","160","Change Cipher Spec, Encrypted Extensions, Finished"
"5198","36.136537","2001:6a8:3081:6f14:5466:8764:98d4:f811","2a00:1450:400e:810::200a","TLSv1.3","674","Client Hello (SNI=passwordsleakcheck-pa.googleapis.com)"
"5202","36.167929","2a00:1450:400e:810::200a","2001:6a8:3081:6f14:5466:8764:98d4:f811","TLSv1.3","2502","Server Hello, Change Cipher Spec"
"5204","36.167929","2a00:1450:400e:810::200a","2001:6a8:3081:6f14:5466:8764:98d4:f811","TLSv1.3","121","Encrypted Extensions, Certificate, Certificate Verify, Finished"
"5208","36.177533","2001:6a8:3081:6f14:5466:8764:98d4:f811","2a00:1450:400e:810::200a","TLSv1.3","160","Change Cipher Spec, Encrypted Extensions, Finished"
"5710","37.864618","2001:6a8:3081:6f14:5466:8764:98d4:f811","2a00:1450:400e:801::2003","TLSv1.3","653","Client Hello (SNI=ssl.gstatic.com)"
"5721","37.874388","2a00:1450:400e:801::2003","2001:6a8:3081:6f14:5466:8764:98d4:f811","TLSv1.3","2502","Server Hello, Change Cipher Spec"
"5724","37.875235","2a00:1450:400e:801::2003","2001:6a8:3081:6f14:5466:8764:98d4:f811","TLSv1.3","946","Encrypted Extensions, Certificate, Certificate Verify, Finished"
"5727","37.875598","2001:6a8:3081:6f14:5466:8764:98d4:f811","2a00:1450:400e:801::2003","TLSv1.3","160","Change Cipher Spec, Encrypted Extensions, Finished"
"5888","38.002010","2001:6a8:3081:6f14:5466:8764:98d4:f811","2a00:1450:400e:80e::200e","TLSv1.3","603","Client Hello (SNI=contacts.google.com)"
"5894","38.011824","2a00:1450:400e:80e::200e","2001:6a8:3081:6f14:5466:8764:98d4:f811","TLSv1.3","3710","Server Hello, Change Cipher Spec"
"5895","38.011825","2a00:1450:400e:80e::200e","2001:6a8:3081:6f14:5466:8764:98d4:f811","TLSv1.3","3433","Encrypted Extensions, Certificate, Certificate Verify, Finished"
"5898","38.014928","2001:6a8:3081:6f14:5466:8764:98d4:f811","2a00:1450:400e:80e::200e","TLSv1.3","160","Change Cipher Spec, Encrypted Extensions, Finished"
"5921","38.068855","2a00:1450:400e:80e::200e","2001:6a8:3081:6f14:5466:8764:98d4:f811","TLSv1.3","1294","[TLS segment of a reassembled PDU]"
"5925","38.069372","2a00:1450:400e:80e::200e","2001:6a8:3081:6f14:5466:8764:98d4:f811","TLSv1.3","1294","[TLS segment of a reassembled PDU]"
"5926","38.069372","2a00:1450:400e:80e::200e","2001:6a8:3081:6f14:5466:8764:98d4:f811","TLSv1.3","2502","[TLS segment of a reassembled PDU]"
"5931","38.070706","2a00:1450:400e:80e::200e","2001:6a8:3081:6f14:5466:8764:98d4:f811","TLSv1.3","1294","[TLS segment of a reassembled PDU]"
"5935","38.071469","2a00:1450:400e:80e::200e","2001:6a8:3081:6f14:5466:8764:98d4:f811","TLSv1.3","1294","[TLS segment of a reassembled PDU]"
"6322","38.201620","2a00:1450:400e:80f::200e","2001:6a8:3081:6f14:5466:8764:98d4:f811","TLSv1.3","1294","[TLS segment of a reassembled PDU]"
"6360","38.295178","2001:6a8:3081:6f14:5466:8764:98d4:f811","2a00:1450:400e:811::200a","TLSv1.3","669","Client Hello (SNI=signaler-pa.clients6.google.com)"
"6365","38.303913","2a00:1450:400e:811::200a","2001:6a8:3081:6f14:5466:8764:98d4:f811","TLSv1.3","2502","Server Hello, Change Cipher Spec"
"6370","38.304831","2a00:1450:400e:811::200a","2001:6a8:3081:6f14:5466:8764:98d4:f811","TLSv1.3","2838","Encrypted Extensions, Certificate, Certificate Verify, Finished"
"6374","38.306560","2001:6a8:3081:6f14:5466:8764:98d4:f811","2a00:1450:400e:811::200a","TLSv1.3","160","Change Cipher Spec, Encrypted Extensions, Finished"
"6658","38.834845","2001:6a8:3081:6f14:5466:8764:98d4:f811","2a00:1450:400e:80d::200e","TLSv1.3","652","Client Hello (SNI=ogs.google.com)"
"6660","38.843488","2a00:1450:400e:80d::200e","2001:6a8:3081:6f14:5466:8764:98d4:f811","TLSv1.3","2502","Server Hello, Change Cipher Spec"
"6663","38.844109","2a00:1450:400e:80d::200e","2001:6a8:3081:6f14:5466:8764:98d4:f811","TLSv1.3","2220","Encrypted Extensions, Certificate, Certificate Verify, Finished"
"6666","38.846015","2001:6a8:3081:6f14:5466:8764:98d4:f811","2a00:1450:400e:80d::200e","TLSv1.3","160","Change Cipher Spec, Encrypted Extensions, Finished"
"6675","38.914619","2a00:1450:400e:80d::200e","2001:6a8:3081:6f14:5466:8764:98d4:f811","TLSv1.3","1294","[TLS segment of a reassembled PDU]"
"6679","38.915084","2a00:1450:400e:80d::200e","2001:6a8:3081:6f14:5466:8764:98d4:f811","TLSv1.3","1294","[TLS segment of a reassembled PDU]"
"6680","38.915084","2a00:1450:400e:80d::200e","2001:6a8:3081:6f14:5466:8764:98d4:f811","TLSv1.3","2502","[TLS segment of a reassembled PDU]"
"6685","38.916927","2a00:1450:400e:80d::200e","2001:6a8:3081:6f14:5466:8764:98d4:f811","TLSv1.3","1294","[TLS segment of a reassembled PDU]"
"6686","38.916927","2a00:1450:400e:80d::200e","2001:6a8:3081:6f14:5466:8764:98d4:f811","TLSv1.3","1294","[TLS segment of a reassembled PDU]"
"6687","38.916927","2a00:1450:400e:80d::200e","2001:6a8:3081:6f14:5466:8764:98d4:f811","TLSv1.3","1294","[TLS segment of a reassembled PDU]"
"6693","38.919758","2a00:1450:400e:80d::200e","2001:6a8:3081:6f14:5466:8764:98d4:f811","TLSv1.3","1294","[TLS segment of a reassembled PDU]"
"6694","38.919758","2a00:1450:400e:80d::200e","2001:6a8:3081:6f14:5466:8764:98d4:f811","TLSv1.3","1294","[TLS segment of a reassembled PDU]"
"6695","38.919758","2a00:1450:400e:80d::200e","2001:6a8:3081:6f14:5466:8764:98d4:f811","TLSv1.3","1294","[TLS segment of a reassembled PDU]"
"7124","39.759033","2a00:1450:400e:810::200a","2001:6a8:3081:6f14:5466:8764:98d4:f811","TLSv1.3","1294","[TLS segment of a reassembled PDU]"
"7527","60.014702","2001:6a8:3081:6f14:5466:8764:98d4:f811","2a00:1450:400e:801::2003","TLSv1.3","627","Client Hello (SNI=update.googleapis.com)"
"7529","60.023896","2a00:1450:400e:801::2003","2001:6a8:3081:6f14:5466:8764:98d4:f811","TLSv1.3","2502","Server Hello, Change Cipher Spec"
"7532","60.024403","2a00:1450:400e:801::2003","2001:6a8:3081:6f14:5466:8764:98d4:f811","TLSv1.3","1312","Encrypted Extensions, Certificate, Certificate Verify, Finished"
"7536","60.032193","2001:6a8:3081:6f14:5466:8764:98d4:f811","2a00:1450:400e:801::2003","TLSv1.3","160","Change Cipher Spec, Encrypted Extensions, Finished"
"7898","78.808098","2a00:1450:400e:80f::200e","2001:6a8:3081:6f14:5466:8764:98d4:f811","TLSv1.3","1294","[TLS segment of a reassembled PDU]"
"7900","78.808098","2a00:1450:400e:80f::200e","2001:6a8:3081:6f14:5466:8764:98d4:f811","TLSv1.3","1294","[TLS segment of a reassembled PDU]"
"7928","78.835561","2a00:1450:400e:810::2001","2001:6a8:3081:6f14:5466:8764:98d4:f811","TLSv1.3","125","Application Data"
"7934","78.844472","2a00:1450:400e:810::2001","2001:6a8:3081:6f14:5466:8764:98d4:f811","TLSv1.3","227","Application Data"
"7935","78.844472","2a00:1450:400e:810::2001","2001:6a8:3081:6f14:5466:8764:98d4:f811","TLSv1.3","698","Application Data"
"7936","78.844472","2a00:1450:400e:810::2001","2001:6a8:3081:6f14:5466:8764:98d4:f811","TLSv1.3","117","Application Data"
"7937","78.844472","2a00:1450:400e:810::2001","2001:6a8:3081:6f14:5466:8764:98d4:f811","TLSv1.3","125","Application Data"
"7938","78.844472","2a00:1450:400e:810::2001","2001:6a8:3081:6f14:5466:8764:98d4:f811","TLSv1.3","200","Application Data"
"7939","78.844472","2a00:1450:400e:810::2001","2001:6a8:3081:6f14:5466:8764:98d4:f811","TLSv1.3","678","Application Data"
"7940","78.844472","2a00:1450:400e:810::2001","2001:6a8:3081:6f14:5466:8764:98d4:f811","TLSv1.3","117","Application Data"
"7961","79.471573","2a00:1450:400e:810::2001","2001:6a8:3081:6f14:5466:8764:98d4:f811","TLSv1.3","199","Application Data"
"7962","79.471573","2a00:1450:400e:810::2001","2001:6a8:3081:6f14:5466:8764:98d4:f811","TLSv1.3","1294","Application Data"
"7963","79.471573","2a00:1450:400e:810::2001","2001:6a8:3081:6f14:5466:8764:98d4:f811","TLSv1.3","1294","Application Data"
"7964","79.471573","2a00:1450:400e:810::2001","2001:6a8:3081:6f14:5466:8764:98d4:f811","TLSv1.3","2502","Application Data, Application Data"
"7965","79.471573","2a00:1450:400e:810::2001","2001:6a8:3081:6f14:5466:8764:98d4:f811","TLSv1.3","4918","Application Data, Application Data, Application Data, Application Data"
"7966","79.471630","2a00:1450:400e:810::2001","2001:6a8:3081:6f14:5466:8764:98d4:f811","TLSv1.3","6126","Application Data, Application Data, Application Data, Application Data, Application Data"
"7967","79.471630","2a00:1450:400e:810::2001","2001:6a8:3081:6f14:5466:8764:98d4:f811","TLSv1.3","6126","Application Data, Application Data, Application Data, Application Data, Application Data"
"7968","79.471647","2a00:1450:400e:810::2001","2001:6a8:3081:6f14:5466:8764:98d4:f811","TLSv1.3","3710","Application Data, Application Data, Application Data"
"7970","79.472783","2a00:1450:400e:810::2001","2001:6a8:3081:6f14:5466:8764:98d4:f811","TLSv1.3","2502","Application Data, Application Data"
"7971","79.472783","2a00:1450:400e:810::2001","2001:6a8:3081:6f14:5466:8764:98d4:f811","TLSv1.3","6126","Application Data, Application Data, Application Data, Application Data, Application Data, Application Data"
"7972","79.472783","2a00:1450:400e:810::2001","2001:6a8:3081:6f14:5466:8764:98d4:f811","TLSv1.3","6126","Application Data, Application Data, Application Data, Application Data, Application Data"
"7973","79.472802","2a00:1450:400e:810::2001","2001:6a8:3081:6f14:5466:8764:98d4:f811","TLSv1.3","1294","Application Data"
"7975","79.479212","2a00:1450:400e:810::2001","2001:6a8:3081:6f14:5466:8764:98d4:f811","TLSv1.3","2502","Application Data, Application Data"
"7977","79.480065","2a00:1450:400e:810::2001","2001:6a8:3081:6f14:5466:8764:98d4:f811","TLSv1.3","3710","Application Data, Application Data, Application Data"
"7978","79.480065","2a00:1450:400e:810::2001","2001:6a8:3081:6f14:5466:8764:98d4:f811","TLSv1.3","4918","Application Data, Application Data, Application Data, Application Data"
"7981","79.481921","2a00:1450:400e:810::2001","2001:6a8:3081:6f14:5466:8764:98d4:f811","TLSv1.3","1294","Application Data"
"7982","79.481922","2a00:1450:400e:810::2001","2001:6a8:3081:6f14:5466:8764:98d4:f811","TLSv1.3","6126","Application Data, Application Data, Application Data, Application Data, Application Data"
"7984","79.482556","2a00:1450:400e:810::2001","2001:6a8:3081:6f14:5466:8764:98d4:f811","TLSv1.3","6126","Application Data, Application Data, Application Data, Application Data, Application Data"
"7986","79.483790","2a00:1450:400e:810::2001","2001:6a8:3081:6f14:5466:8764:98d4:f811","TLSv1.3","6126","Application Data, Application Data, Application Data, Application Data, Application Data"
"7988","79.484507","2a00:1450:400e:810::2001","2001:6a8:3081:6f14:5466:8764:98d4:f811","TLSv1.3","6126","Application Data, Application Data, Application Data, Application Data, Application Data"
"7990","79.485705","2a00:1450:400e:810::2001","2001:6a8:3081:6f14:5466:8764:98d4:f811","TLSv1.3","6126","Application Data, Application Data, Application Data, Application Data, Application Data"
"7992","79.486384","2a00:1450:400e:810::2001","2001:6a8:3081:6f14:5466:8764:98d4:f811","TLSv1.3","6126","Application Data, Application Data, Application Data, Application Data, Application Data"
"7994","79.486989","2a00:1450:400e:810::2001","2001:6a8:3081:6f14:5466:8764:98d4:f811","TLSv1.3","4630","Application Data, Application Data, Application Data, Application Data"
"7996","79.487986","2a00:1450:400e:810::2001","2001:6a8:3081:6f14:5466:8764:98d4:f811","TLSv1.3","6126","Application Data, Application Data, Application Data, Application Data, Application Data, Application Data"
"7998","79.488896","2a00:1450:400e:810::2001","2001:6a8:3081:6f14:5466:8764:98d4:f811","TLSv1.3","4654","Application Data, Application Data, Application Data, Application Data"
"8000","79.489913","2a00:1450:400e:810::2001","2001:6a8:3081:6f14:5466:8764:98d4:f811","TLSv1.3","6126","Application Data, Application Data, Application Data, Application Data, Application Data"
"8002","79.490334","2a00:1450:400e:810::2001","2001:6a8:3081:6f14:5466:8764:98d4:f811","TLSv1.3","2141","Application Data, Application Data, Application Data, Application Data"
"8088","85.410455","2001:6a8:3081:6f14:5466:8764:98d4:f811","2a00:1450:400e:811::2001","TLSv1.3","607","Client Hello (SNI=drive.usercontent.google.com)"
"8090","85.444691","2a00:1450:400e:811::2001","2001:6a8:3081:6f14:5466:8764:98d4:f811","TLSv1.3","2502","Server Hello, Change Cipher Spec"
"8091","85.444692","2a00:1450:400e:811::2001","2001:6a8:3081:6f14:5466:8764:98d4:f811","TLSv1.3","2364","Encrypted Extensions, Certificate, Certificate Verify, Finished"
"8094","85.448061","2001:6a8:3081:6f14:5466:8764:98d4:f811","2a00:1450:400e:811::2001","TLSv1.3","160","Change Cipher Spec, Encrypted Extensions, Finished"
"27555","116.007685","2001:6a8:3081:6f14:5466:8764:98d4:f811","2a00:1450:400e:803::200a","TLSv1.3","622","Client Hello (SNI=peoplestackwebexperiments-pa.clients6.google.com)"
"27561","116.009990","2001:6a8:3081:6f14:5466:8764:98d4:f811","2a00:1450:400e:803::200a","TLSv1.3","622","Client Hello (SNI=peoplestackwebexperiments-pa.clients6.google.com)"
"27569","116.017964","2a00:1450:400e:803::200a","2001:6a8:3081:6f14:5466:8764:98d4:f811","TLSv1.3","3710","Server Hello, Change Cipher Spec"
"27571","116.017964","2a00:1450:400e:803::200a","2001:6a8:3081:6f14:5466:8764:98d4:f811","TLSv1.3","2855","Encrypted Extensions, Certificate, Certificate Verify, Finished"
"27575","116.018639","2001:6a8:3081:6f14:5466:8764:98d4:f811","2a00:1450:400e:803::200a","TLSv1.3","160","Change Cipher Spec, Encrypted Extensions, Finished"
"27576","116.019492","2a00:1450:400e:803::200a","2001:6a8:3081:6f14:5466:8764:98d4:f811","TLSv1.3","2502","Server Hello, Change Cipher Spec"
"27580","116.020852","2a00:1450:400e:803::200a","2001:6a8:3081:6f14:5466:8764:98d4:f811","TLSv1.3","2855","Encrypted Extensions, Certificate, Certificate Verify, Finished"
"27584","116.021220","2001:6a8:3081:6f14:5466:8764:98d4:f811","2a00:1450:400e:803::200a","TLSv1.3","160","Change Cipher Spec, Encrypted Extensions, Finished"
"27829","125.480606","2001:6a8:3081:6f14:5466:8764:98d4:f811","2a00:1450:400e:803::200a","TLSv1.3","606","Client Hello (SNI=safebrowsing.googleapis.com)"
"27831","125.498726","2a00:1450:400e:803::200a","2001:6a8:3081:6f14:5466:8764:98d4:f811","TLSv1.3","2502","Server Hello, Change Cipher Spec"
"27833","125.498726","2a00:1450:400e:803::200a","2001:6a8:3081:6f14:5466:8764:98d4:f811","TLSv1.3","110","Encrypted Extensions, Certificate, Certificate Verify, Finished"
"27837","125.508656","2001:6a8:3081:6f14:5466:8764:98d4:f811","2a00:1450:400e:803::200a","TLSv1.3","160","Change Cipher Spec, Encrypted Extensions, Finished"
"27846","125.535763","2a00:1450:400e:803::200a","2001:6a8:3081:6f14:5466:8764:98d4:f811","TLSv1.3","1294","[TLS segment of a reassembled PDU]"
"27847","125.535763","2a00:1450:400e:803::200a","2001:6a8:3081:6f14:5466:8764:98d4:f811","TLSv1.3","1294","[TLS segment of a reassembled PDU]"
"27848","125.535763","2a00:1450:400e:803::200a","2001:6a8:3081:6f14:5466:8764:98d4:f811","TLSv1.3","2502","[TLS segment of a reassembled PDU]"
"27849","125.535929","2a00:1450:400e:803::200a","2001:6a8:3081:6f14:5466:8764:98d4:f811","TLSv1.3","2502","[TLS segment of a reassembled PDU]"
"27854","125.551072","2a00:1450:400e:803::200a","2001:6a8:3081:6f14:5466:8764:98d4:f811","TLSv1.3","2502","[TLS segment of a reassembled PDU]"
"27856","125.551072","2a00:1450:400e:803::200a","2001:6a8:3081:6f14:5466:8764:98d4:f811","TLSv1.3","2502","[TLS segment of a reassembled PDU]"
"27857","125.551072","2a00:1450:400e:803::200a","2001:6a8:3081:6f14:5466:8764:98d4:f811","TLSv1.3","2502","[TLS segment of a reassembled PDU]"
"27859","125.551183","2a00:1450:400e:803::200a","2001:6a8:3081:6f14:5466:8764:98d4:f811","TLSv1.3","2502","[TLS segment of a reassembled PDU][TLS segment of a reassembled PDU]"
"27863","125.565214","2a00:1450:400e:803::200a","2001:6a8:3081:6f14:5466:8764:98d4:f811","TLSv1.3","2502","[TLS segment of a reassembled PDU][TLS segment of a reassembled PDU]"
"27864","125.565214","2a00:1450:400e:803::200a","2001:6a8:3081:6f14:5466:8764:98d4:f811","TLSv1.3","2502","[TLS segment of a reassembled PDU][TLS segment of a reassembled PDU]"
"27865","125.565215","2a00:1450:400e:803::200a","2001:6a8:3081:6f14:5466:8764:98d4:f811","TLSv1.3","2502","[TLS segment of a reassembled PDU][TLS segment of a reassembled PDU]"
"27866","125.565215","2a00:1450:400e:803::200a","2001:6a8:3081:6f14:5466:8764:98d4:f811","TLSv1.3","2502","[TLS segment of a reassembled PDU][TLS segment of a reassembled PDU]"
"27867","125.565314","2a00:1450:400e:803::200a","2001:6a8:3081:6f14:5466:8764:98d4:f811","TLSv1.3","2502","[TLS segment of a reassembled PDU][TLS segment of a reassembled PDU]"
"27869","125.565314","2a00:1450:400e:803::200a","2001:6a8:3081:6f14:5466:8764:98d4:f811","TLSv1.3","2502","[TLS segment of a reassembled PDU][TLS segment of a reassembled PDU]"
"27870","125.565314","2a00:1450:400e:803::200a","2001:6a8:3081:6f14:5466:8764:98d4:f811","TLSv1.3","2502","[TLS segment of a reassembled PDU][TLS segment of a reassembled PDU]"
"27871","125.565348","2a00:1450:400e:803::200a","2001:6a8:3081:6f14:5466:8764:98d4:f811","TLSv1.3","2502","[TLS segment of a reassembled PDU][TLS segment of a reassembled PDU]"
"27875","125.581242","2a00:1450:400e:803::200a","2001:6a8:3081:6f14:5466:8764:98d4:f811","TLSv1.3","2502","[TLS segment of a reassembled PDU][TLS segment of a reassembled PDU]"
"27876","125.581243","2a00:1450:400e:803::200a","2001:6a8:3081:6f14:5466:8764:98d4:f811","TLSv1.3","2502","[TLS segment of a reassembled PDU][TLS segment of a reassembled PDU]"
"27877","125.581243","2a00:1450:400e:803::200a","2001:6a8:3081:6f14:5466:8764:98d4:f811","TLSv1.3","2502","[TLS segment of a reassembled PDU][TLS segment of a reassembled PDU]"
"27884","125.581414","2a00:1450:400e:803::200a","2001:6a8:3081:6f14:5466:8764:98d4:f811","TLSv1.3","2502","[TLS segment of a reassembled PDU][TLS segment of a reassembled PDU]"
"27885","125.581415","2a00:1450:400e:803::200a","2001:6a8:3081:6f14:5466:8764:98d4:f811","TLSv1.3","2502","[TLS segment of a reassembled PDU][TLS segment of a reassembled PDU]"
"27886","125.581415","2a00:1450:400e:803::200a","2001:6a8:3081:6f14:5466:8764:98d4:f811","TLSv1.3","2502","[TLS segment of a reassembled PDU][TLS segment of a reassembled PDU]"
"27887","125.581415","2a00:1450:400e:803::200a","2001:6a8:3081:6f14:5466:8764:98d4:f811","TLSv1.3","2502","[TLS segment of a reassembled PDU][TLS segment of a reassembled PDU]"
"27889","125.581457","2a00:1450:400e:803::200a","2001:6a8:3081:6f14:5466:8764:98d4:f811","TLSv1.3","2502","[TLS segment of a reassembled PDU][TLS segment of a reassembled PDU]"
"27890","125.581457","2a00:1450:400e:803::200a","2001:6a8:3081:6f14:5466:8764:98d4:f811","TLSv1.3","2502","[TLS segment of a reassembled PDU][TLS segment of a reassembled PDU]"
"27897","125.598978","2a00:1450:400e:803::200a","2001:6a8:3081:6f14:5466:8764:98d4:f811","TLSv1.3","2502","[TLS segment of a reassembled PDU][TLS segment of a reassembled PDU]"
"35188","144.119680","2001:6a8:3081:6f14:5466:8764:98d4:f811","2a00:1450:400e:80f::200a","TLSv1.3","701","Client Hello (SNI=espresso-pa.clients6.google.com)"
"35207","144.129758","2a00:1450:400e:80f::200a","2001:6a8:3081:6f14:5466:8764:98d4:f811","TLSv1.3","3710","Server Hello, Change Cipher Spec"
"35209","144.129758","2a00:1450:400e:80f::200a","2001:6a8:3081:6f14:5466:8764:98d4:f811","TLSv1.3","2838","Encrypted Extensions, Certificate, Certificate Verify, Finished"
"35222","144.135781","2001:6a8:3081:6f14:5466:8764:98d4:f811","2a00:1450:400e:80f::200a","TLSv1.3","160","Change Cipher Spec, Encrypted Extensions, Finished"
"35335","151.574979","2a00:1450:400e:80d::200e","2001:6a8:3081:6f14:5466:8764:98d4:f811","TLSv1.3","1294","[TLS segment of a reassembled PDU]"
"35339","151.575227","2a00:1450:400e:80d::200e","2001:6a8:3081:6f14:5466:8764:98d4:f811","TLSv1.3","1294","[TLS segment of a reassembled PDU]"
"35340","151.575228","2a00:1450:400e:80d::200e","2001:6a8:3081:6f14:5466:8764:98d4:f811","TLSv1.3","1294","[TLS segment of a reassembled PDU]"
"35343","151.575758","2a00:1450:400e:80d::200e","2001:6a8:3081:6f14:5466:8764:98d4:f811","TLSv1.3","3710","[TLS segment of a reassembled PDU]"
"35348","151.577581","2a00:1450:400e:80d::200e","2001:6a8:3081:6f14:5466:8764:98d4:f811","TLSv1.3","4918","[TLS segment of a reassembled PDU]"
"35353","151.579888","2a00:1450:400e:80d::200e","2001:6a8:3081:6f14:5466:8764:98d4:f811","TLSv1.3","1294","[TLS segment of a reassembled PDU]"
"35354","151.579888","2a00:1450:400e:80d::200e","2001:6a8:3081:6f14:5466:8764:98d4:f811","TLSv1.3","1294","[TLS segment of a reassembled PDU]"
"35355","151.579889","2a00:1450:400e:80d::200e","2001:6a8:3081:6f14:5466:8764:98d4:f811","TLSv1.3","1294","[TLS segment of a reassembled PDU]"
"36812","175.595675","2a00:1450:400e:80d::200e","2001:6a8:3081:6f14:5466:8764:98d4:f811","TLSv1.3","1294","[TLS segment of a reassembled PDU]"
"37735","176.245947","2001:6a8:3081:6f14:5466:8764:98d4:f811","2a00:1450:4002:414::200a","TLSv1.3","630","Client Hello (SNI=translate.googleapis.com)"
"37799","176.281824","2a00:1450:4002:414::200a","2001:6a8:3081:6f14:5466:8764:98d4:f811","TLSv1.3","2502","Server Hello, Change Cipher Spec"
"37801","176.281824","2a00:1450:4002:414::200a","2001:6a8:3081:6f14:5466:8764:98d4:f811","TLSv1.3","109","Encrypted Extensions, Certificate, Certificate Verify, Finished"
"37808","176.285298","2001:6a8:3081:6f14:5466:8764:98d4:f811","2a00:1450:4002:414::200a","TLSv1.3","160","Change Cipher Spec, Encrypted Extensions, Finished"
"37836","176.334244","2a00:1450:4002:414::200a","2001:6a8:3081:6f14:5466:8764:98d4:f811","TLSv1.3","1294","[TLS segment of a reassembled PDU]"
